{
  "trashbin": {
    "Item1": [
      -0.9503207,
      0.888760746,
      7.09440136
    ],
    "Item2": [
      0.0,
      0.0,
      0.0,
      1.0
    ]
  }
}