{
  "trashbin": {
    "Item1": [
      0.4796036,
      0.0778756142,
      4.3821907
    ],
    "Item2": [
      0.0,
      0.0,
      0.0,
      1.0
    ]
  }
}